ProcessCount,Trial,Seed,Algorithm,RRQuantum,AverageWaitingTime,AverageTurnaroundTime,AverageResponseTime,Makespan
10,1,10001,FCFS,,42.2000,54.1000,42.2000,119
10,1,10001,SRTF,,30.1000,42.0000,29.2000,119
10,1,10001,Round Robin,6,56.4000,68.3000,19.6000,119
10,2,10002,FCFS,,32.8000,42.3000,32.8000,95
10,2,10002,SRTF,,24.4000,33.9000,24.3000,95
10,2,10002,Round Robin,2,47.6000,57.1000,6.2000,95
10,3,10003,FCFS,,39.1000,50.3000,39.1000,112
10,3,10003,SRTF,,23.1000,34.3000,21.1000,112
10,3,10003,Round Robin,5,48.5000,59.7000,17.5000,112
10,4,10004,FCFS,,32.7000,41.3000,32.7000,86
10,4,10004,SRTF,,15.0000,23.6000,14.2000,86
10,4,10004,Round Robin,2,33.8000,42.4000,6.2000,86
10,5,10005,FCFS,,35.4000,45.9000,35.4000,105
10,5,10005,SRTF,,26.3000,36.8000,25.8000,105
10,5,10005,Round Robin,5,53.6000,64.1000,16.2000,105
20,1,20001,FCFS,,87.3500,98.4000,87.3500,221
20,1,20001,SRTF,,60.6500,71.7000,51.5500,221
20,1,20001,Round Robin,4,117.8000,128.8500,32.6500,221
20,2,20002,FCFS,,44.2000,51.4000,44.2000,144
20,2,20002,SRTF,,19.7000,26.9000,18.4500,144
20,2,20002,Round Robin,7,47.4000,54.6000,28.3500,144
20,3,20003,FCFS,,61.6500,71.1500,61.6500,190
20,3,20003,SRTF,,40.1500,49.6500,35.0000,190
20,3,20003,Round Robin,4,79.0000,88.5000,26.4500,190
20,4,20004,FCFS,,68.4500,78.1000,68.4500,193
20,4,20004,SRTF,,43.7500,53.4000,43.2500,193
20,4,20004,Round Robin,7,83.6000,93.2500,45.5000,193
20,5,20005,FCFS,,69.9000,81.7000,69.9000,236
20,5,20005,SRTF,,51.8500,63.6500,51.3000,236
20,5,20005,Round Robin,3,105.4500,117.2500,19.5000,236
30,1,30001,FCFS,,85.6333,95.1667,85.6333,286
30,1,30001,SRTF,,52.9333,62.4667,49.7667,286
30,1,30001,Round Robin,5,114.2667,123.8000,39.2000,286
30,2,30002,FCFS,,105.6667,114.8333,105.6667,275
30,2,30002,SRTF,,62.1333,71.3000,61.7667,275
30,2,30002,Round Robin,2,131.6000,140.7667,24.2667,275
30,3,30003,FCFS,,127.8667,138.0000,127.8667,305
30,3,30003,SRTF,,68.9000,79.0333,68.7000,305
30,3,30003,Round Robin,5,149.3333,159.4667,53.9333,305
30,4,30004,FCFS,,141.8000,154.8333,141.8000,391
30,4,30004,SRTF,,113.3667,126.4000,113.3667,391
30,4,30004,Round Robin,8,207.3667,220.4000,84.5000,391
30,5,30005,FCFS,,127.6000,138.9333,127.6000,343
30,5,30005,SRTF,,90.9000,102.2333,90.8000,343
30,5,30005,Round Robin,5,181.2000,192.5333,57.4000,343
40,1,40001,FCFS,,168.3750,180.1750,168.3750,472
40,1,40001,SRTF,,117.9000,129.7000,117.8000,472
40,1,40001,Round Robin,2,234.6250,246.4250,32.3500,472
40,2,40002,FCFS,,123.3250,132.3000,123.3250,359
40,2,40002,SRTF,,70.4250,79.4000,70.0750,359
40,2,40002,Round Robin,6,142.0250,151.0000,65.8750,359
40,3,40003,FCFS,,183.3750,195.4750,183.3750,484
40,3,40003,SRTF,,127.6250,139.7250,127.2500,484
40,3,40003,Round Robin,2,261.3500,273.4500,33.0000,484
40,4,40004,FCFS,,169.0750,179.3500,169.0750,411
40,4,40004,SRTF,,100.6500,110.9250,95.3750,411
40,4,40004,Round Robin,5,218.8000,229.0750,80.7000,411
40,5,40005,FCFS,,149.2750,159.6500,149.2750,415
40,5,40005,SRTF,,94.0250,104.4000,93.3250,415
40,5,40005,Round Robin,2,203.1500,213.5250,27.7250,415
50,1,50001,FCFS,,168.9600,178.3600,168.9600,470
50,1,50001,SRTF,,91.8600,101.2600,90.8800,470
50,1,50001,Round Robin,8,201.3200,210.7200,115.7800,470
50,2,50002,FCFS,,143.8200,153.2000,143.8200,471
50,2,50002,SRTF,,93.6000,102.9800,93.3000,471
50,2,50002,Round Robin,4,184.7400,194.1200,59.9600,471
50,3,50003,FCFS,,190.8000,201.3400,190.8000,527
50,3,50003,SRTF,,116.7000,127.2400,113.6000,527
50,3,50003,Round Robin,8,245.6200,256.1600,117.7000,527
50,4,50004,FCFS,,202.1200,213.1400,202.1200,554
50,4,50004,SRTF,,142.7200,153.7400,142.5200,554
50,4,50004,Round Robin,4,284.6400,295.6600,78.3200,554
50,5,50005,FCFS,,237.5800,248.9600,237.5800,569
50,5,50005,SRTF,,154.5000,165.8800,154.2600,569
50,5,50005,Round Robin,7,299.4400,310.8200,137.8200,569
